Local Funder_Full,Top Local Funders,Local Funder_COUNTRY
"ICIPE, Kenya",ICIPE Kenya,Kenya
"ICIPE, Kenya",ICIPE Kenya,Kenya
"ICIPE, Kenya",ICIPE Kenya,Kenya
"ICIPE, Kenya",ICIPE Kenya,Kenya
"ICIPE, Kenya",ICIPE Kenya,Kenya
"ICIPE, Kenya",ICIPE Kenya,
"ICIPE, Kenya",ICIPE Kenya,
international fund for agricultural development (ifad) kenya,IFAD Kenya,Kenya
"IFAD, Kenya",IFAD Kenya,Kenya
international fund for agricultural development (ifad) kenya,IFAD Kenya,Kenya
international fund for agricultural development (ifad) kenya,IFAD Kenya,Kenya
Kenyan Government,KG Kenya,Kenya
Kenyan Government,KG Kenya,Kenya
Kenyan Government,KG Kenya,Kenya
Kenyan Government,KG Kenya,Kenya
Ministry of Higher Education and Scientific Research of Algeria ,"MHESR, Algeria",Algeria
Ministry of Higher Education and Scientific Research of Algeria ,"MHESR, Algeria",Algeria
Ministry of Higher Education and Scientific Research of Algeria ,"MHESR, Algeria",Algeria
Ministry of Higher Education and Scientific Research of Algeria ,"MHESR, Algeria",Algeria
National Fund for Scientific Research of Algeria,NFSR Algeria,Algeria
National Fund for Scientific Research of Algeria,NFSR Algeria,Algeria
National Fund for Scientific Research of Algeria,NFSR Algeria,Algeria
National Fund for Scientific Research of Algeria,NFSR Algeria,Algeria
National Fund for Scientific Research of Algeria,NFSR Algeria,Algeria
National Fund for Scientific Research of Algeria,NFSR Algeria,Algeria
National Research Foundation (NRF) of South Africa,NRF South Africa,South Africa
National Research Foundation (NRF) of South Africa,NRF South Africa,South Africa
National Research Foundation (NRF) of South Africa,NRF South Africa,South Africa
National Research Foundation (NRF) of South Africa,NRF South Africa,South Africa
National Research Foundation (NRF) of South Africa,NRF South Africa,South Africa
National Research Foundation (NRF) of South Africa,NRF South Africa,South Africa
National Research Foundation (NRF) of South Africa,NRF South Africa,South Africa
National Research Foundation (NRF) of South Africa,NRF South Africa,South Africa
National Research Foundation (NRF) of South Africa,NRF South Africa,South Africa
National Research Foundation (NRF) of South Africa,NRF South Africa,South Africa
National Research Foundation (NRF) of South Africa,NRF South Africa,South Africa
National Research Foundation (NRF) of South Africa,NRF South Africa,South Africa
National Research Foundation (NRF) of South Africa,NRF South Africa,South Africa
National Research Foundation (NRF) of South Africa,NRF South Africa,South Africa
National Research Foundation (NRF) of South Africa,NRF South Africa,South Africa
National Research Foundation (NRF) of South Africa,NRF South Africa,South Africa
National Research Foundation (NRF) of South Africa,NRF South Africa,South Africa
National Research Foundation (NRF) of South Africa,NRF South Africa,South Africa
National Research Foundation (NRF) of South Africa,NRF South Africa,South Africa
Tunisian Ministry for Higher Education and Scientific Research,TMHESR Tunisia,Tunisia
Tunisian Ministry for Higher Education and Scientific Research,TMHESR Tunisia,Tunisia
Tunisian Ministry for Higher Education and Scientific Research,TMHESR Tunisia,Tunisia
Tunisian Ministry for Higher Education and Scientific Research,TMHESR Tunisia,Tunisia
