International Funder_Full,International Funders,International Funder_COUNTRY,Top International Funders
Alexander von Humboldt Foundation,AVHF,Germany,AVHF Germany
Alexander von Humboldt Foundation,AVHF,Germany,AVHF Germany
Alexander von Humboldt Foundation,AVHF,Germany,AVHF Germany
Alexander von Humboldt Foundation,AVHF,Germany,AVHF Germany
Belgium development cooperation,BDC,Belgium,BDC Belgium
Belgium development cooperation,BDC,Belgium,BDC Belgium
German Academic Exchange Service,GAES,Germany,DAAD Germany
"DAAD, Germany",DAAD,Germany,DAAD Germany
German Academic Exchange Service,GAES,Germany,DAAD Germany
German Academic Exchange Service,GAES,Germany,DAAD Germany
"DAAD, Germany",DAAD,Germany,DAAD Germany
"DAAD, Germany",DAAD,Germany,DAAD Germany
"DAAD, Germany",DAAD,Germany,DAAD Germany
UK Department for International Development (DFID),DFID,UK,DFID UK
UK Department for International Development (DFID),DFID,UK,DFID UK
UK Department for International Development (DFID),DFID,UK,DFID UK
Deutsche Forschungsgemein-schaft,DFS,Germany,DFS Germany
Deutsche Forschungsgemeinschaft,DFS,Germany,DFS Germany
Deutsche Forschungsgemeinschaft,DFS,Germany,DFS Germany
Deutsche Forschungsgemein-schaft,DFS,Germany,DFS Germany
Deutsche Forschungsgemein-schaft,DFS,Germany,DFS Germany
German Ministry for Economic Cooperation and Development ,GMECD,Germany,GMECD Germany
German Ministry for Economic Cooperation and Development (BMZ),GMECD,Germany,GMECD Germany
The German Ministry for Economic Cooperation and Development (BMZ),GMECD,Germany,GMECD Germany
the German Ministry of Economic Cooperation and Development (BMZ),GMECD,Germany,GMECD Germany
The International Atomic Energy Agency (IAEA) ,IAEA,Austria,IAEA Austria
The International Atomic Energy Agency (IAEA) ,IAEA,Austria,IAEA Austria
The International Atomic Energy Agency (IAEA) ,IAEA,Austria,IAEA Austria
The International Atomic Energy Agency (IAEA) ,IAEA,Austria,IAEA Austria
The International Atomic Energy Agency (IAEA) ,IAEA,Austria,IAEA Austria
Swedish International Development Cooperation Agency (Sida) for a studentship to P.K.N.,SIDA,Sweden,SIDA Sweden
Swedish International Development Cooperation Agency (SIDA) for a studentship to Xavier Cheseto,SIDA,Sweden,SIDA Sweden
Swedish International Development Cooperation Agency (SIDA) for a studentship to Xavier Cheseto,SIDA,Sweden,SIDA Sweden
Swedish International Development Cooperation Agency (SIDA) for a studentship to Xavier Cheseto,SIDA,Sweden,SIDA Sweden
Swedish International Development Cooperation Agency (SIDA) for a studentship to Xavier Cheseto,SIDA,Sweden,SIDA Sweden
The World Academy of Sciences,TWAS,Italy,TWAS Italy
The World Academy of Sciences,TWAS,Italy,TWAS Italy
The World Academy of Sciences,TWAS,Italy,TWAS Italy
The World Academy of Sciences,TWAS,Italy,TWAS Italy
The World Academy of Sciences,TWAS,Italy,TWAS Italy
The World Academy of Sciences,TWAS,Italy,TWAS Italy
The World Academy of Sciences,TWAS,Italy,TWAS Italy
USDA-ARS project no. 58-6615-3-011-F,USDA-ARS,USA,USDA-ARS USA
USDA-ARS project no. 58-6615-3-011-F,USDA-ARS,USA,USDA-ARS USA
USDA-ARS project no. 58-6615-3-011-F,USDA-ARS,USA,USDA-ARS USA
Wellcome Trust,WT,UK,WT UK
Wellcome Trust,WT,UK,WT UK
Wellcome Trust,WT,UK,WT UK
Wellcome Trust,WT,UK,WT UK
